{
	"c1": {
		"min": 1.066706015,
		"max": 1.166505588
	},
	"c2": {
		"min": 30.03162352,
		"max": 49.93401343
	},
	"c3": {
		"min": 32.00155121,
		"max": 47.98802498
	},
	"c4": {
		"min": 0.85009154,
		"max": 0.899873087
	},
	"c5": {
		"min": 26.02302781,
		"max": 41.97758542
	},
	"c6": {
		"min": 6.00318704,
		"max": 13.9990063
	},
	"c7": {
		"min": 4.100263024,
		"max": 4.998846934
	},
	"c8": {
		"min": 12.00707406,
		"max": 29.99556835
	},
	"c9": {
		"min": 40.00047129,
		"max": 49.98357761
	},
	"c10": {
		"min": 0.200014133,
		"max": 0.299872077
	},
	"c11": {
		"min": -0.199968426,
		"max": 0.199782062
	},
	"d1": {
		"min": -1.0,
		"max": 1.0
	},
	"d2": {
		"min": -1.0,
		"max": 1.0
	},
	"d3": {
		"min": -1.0,
		"max": 1.0
	},
	"Unnamed: 14": {
		"min": NaN,
		"max": NaN
	},
	"ISI_EH_16": {
		"min": 0.244099,
		"max": 0.446371
	},
	"ISI_EW_16": {
		"min": 5.45e-11,
		"max": 7.28e-11
	},
	"EH_16": {
		"min": 0.110088,
		"max": 0.286669
	},
	"EW_16": {
		"min": 3.94e-11,
		"max": 6.16e-11
	}
}